"","school","sex","address","famsize","Pstatus","schoolsup","famsup","paid","activities","nursery","higher","internet","romantic","bin_Mjob_at_home","bin_Mjob_health","bin_Mjob_other","bin_Mjob_services","bin_Mjob_teacher","bin_Fjob_teacher","bin_Fjob_other","bin_Fjob_services","bin_Fjob_health","bin_Fjob_at_home","bin_reason_course","bin_reason_other","bin_reason_home","bin_reason_reputation","bin_guardian_mother","bin_guardian_father","bin_guardian_other","age","Medu","Fedu","traveltime","studytime","famrel","freetime","goout","Dalc","Walc","health","absences","failures","G2","G1","G3","result"
"1","GP","F","U","GT3","A","yes","no","no","no","yes","yes","no","no","yes","no","no","no","no","yes","no","no","no","no","yes","no","no","no","yes","no","no",18,4,4,2,2,4,3,4,1,1,3,6,0,6,5,6,"fail"
"2","GP","F","U","GT3","T","no","yes","no","no","no","yes","yes","no","yes","no","no","no","no","no","yes","no","no","no","yes","no","no","no","no","yes","no",17,1,1,1,2,5,3,3,1,1,3,4,0,5,5,6,"fail"
"3","GP","F","U","LE3","T","yes","no","yes","no","yes","yes","yes","no","yes","no","no","no","no","no","yes","no","no","no","no","yes","no","no","yes","no","no",15,1,1,1,2,4,3,2,2,3,3,10,3,8,7,10,"pass"
"4","GP","F","U","GT3","T","no","yes","yes","yes","yes","yes","yes","yes","no","yes","no","no","no","no","no","yes","no","no","no","no","yes","no","yes","no","no",15,4,2,1,3,3,2,2,1,1,5,2,0,14,15,15,"pass"
"5","GP","F","U","GT3","T","no","yes","yes","no","yes","yes","no","no","no","no","yes","no","no","no","yes","no","no","no","no","no","yes","no","no","yes","no",16,3,3,1,2,4,3,2,1,2,5,4,0,10,6,10,"pass"
"6","GP","M","U","LE3","T","no","yes","yes","yes","yes","yes","yes","no","no","no","no","yes","no","no","yes","no","no","no","no","no","no","yes","yes","no","no",16,4,3,1,2,5,4,2,1,2,5,10,0,15,15,15,"pass"
"7","GP","M","U","LE3","T","no","no","no","no","yes","yes","yes","no","no","no","yes","no","no","no","yes","no","no","no","no","no","yes","no","yes","no","no",16,2,2,1,2,4,4,4,1,1,3,0,0,12,12,11,"pass"
"8","GP","F","U","GT3","A","yes","yes","no","no","yes","yes","no","no","no","no","yes","no","no","yes","no","no","no","no","no","no","yes","no","yes","no","no",17,4,4,2,2,4,1,4,1,1,1,6,0,5,6,6,"fail"
"9","GP","M","U","LE3","A","no","yes","yes","no","yes","yes","yes","no","no","no","no","yes","no","no","yes","no","no","no","no","no","yes","no","yes","no","no",15,3,2,1,2,4,2,2,1,1,1,0,0,18,16,19,"pass"
"10","GP","M","U","GT3","T","no","yes","yes","yes","yes","yes","yes","no","no","no","yes","no","no","no","yes","no","no","no","no","no","yes","no","yes","no","no",15,3,4,1,2,5,5,1,1,1,5,0,0,15,14,15,"pass"
"11","GP","F","U","GT3","T","no","yes","yes","no","yes","yes","yes","no","no","no","no","no","yes","no","no","no","yes","no","no","no","no","yes","yes","no","no",15,4,4,1,2,3,3,3,1,2,2,0,0,8,10,9,"fail"
"12","GP","F","U","GT3","T","no","yes","no","yes","yes","yes","yes","no","no","no","no","yes","no","no","yes","no","no","no","no","no","no","yes","no","yes","no",15,2,1,3,3,5,2,2,1,1,4,4,0,12,10,12,"pass"
"13","GP","M","U","LE3","T","no","yes","yes","yes","yes","yes","yes","no","no","yes","no","no","no","no","no","yes","no","no","yes","no","no","no","no","yes","no",15,4,4,1,1,4,3,3,1,3,5,2,0,14,14,14,"pass"
"14","GP","M","U","GT3","T","no","yes","yes","no","yes","yes","yes","no","no","no","no","no","yes","no","yes","no","no","no","yes","no","no","no","yes","no","no",15,4,3,2,2,5,4,3,1,2,3,2,0,10,10,11,"pass"
"15","GP","M","U","GT3","A","no","yes","no","no","yes","yes","yes","yes","no","no","yes","no","no","no","yes","no","no","no","no","no","yes","no","no","no","yes",15,2,2,1,3,4,5,2,1,1,3,0,0,16,14,16,"pass"
"16","GP","F","U","GT3","T","no","yes","no","no","yes","yes","yes","no","no","yes","no","no","no","no","yes","no","no","no","no","no","yes","no","yes","no","no",16,4,4,1,1,4,4,4,1,2,2,4,0,14,14,14,"pass"
"17","GP","F","U","GT3","T","no","yes","yes","yes","yes","yes","yes","no","no","no","no","yes","no","no","no","yes","no","no","no","no","no","yes","yes","no","no",16,4,4,1,3,3,2,3,1,2,2,6,0,14,13,14,"pass"
"18","GP","F","U","GT3","T","yes","yes","no","yes","yes","yes","no","no","no","no","yes","no","no","no","yes","no","no","no","no","no","no","yes","yes","no","no",16,3,3,3,2,5,3,2,1,1,4,4,0,10,8,10,"pass"
"19","GP","M","U","GT3","T","no","yes","no","yes","yes","yes","yes","no","no","no","no","yes","no","no","no","yes","no","no","yes","no","no","no","yes","no","no",17,3,2,1,1,5,5,5,2,4,5,16,3,5,6,5,"fail"
"20","GP","M","U","LE3","T","no","no","yes","yes","yes","yes","yes","no","no","yes","no","no","no","no","yes","no","no","no","no","no","yes","no","no","yes","no",16,4,3,1,1,3,1,3,1,3,5,4,0,10,8,10,"pass"
"21","GP","M","U","GT3","T","no","no","no","no","yes","yes","yes","no","no","no","no","no","yes","no","yes","no","no","no","no","no","no","yes","yes","no","no",15,4,3,1,2,4,4,1,1,1,1,0,0,14,13,15,"pass"
"22","GP","M","U","GT3","T","no","yes","yes","no","yes","yes","yes","no","no","yes","no","no","no","no","no","no","yes","no","no","yes","no","no","no","yes","no",15,4,4,1,1,5,4,2,1,1,5,0,0,15,12,15,"pass"
"23","GP","M","U","LE3","T","no","no","no","yes","yes","yes","yes","no","no","no","no","no","yes","no","yes","no","no","no","yes","no","no","no","yes","no","no",16,4,2,1,2,4,5,1,1,3,5,2,0,15,15,16,"pass"
"24","GP","M","U","LE3","T","no","yes","no","yes","yes","yes","yes","no","no","no","yes","no","no","no","yes","no","no","no","no","no","no","yes","yes","no","no",16,2,2,2,2,5,4,4,2,4,5,0,0,13,13,12,"pass"
"25","GP","F","R","GT3","T","yes","yes","yes","yes","yes","yes","yes","no","no","no","no","yes","no","no","no","no","yes","no","yes","no","no","no","yes","no","no",15,2,4,1,3,4,3,2,1,1,5,2,0,9,10,8,"fail"
"26","GP","F","U","GT3","T","no","yes","yes","no","no","yes","yes","no","no","no","no","yes","no","no","no","yes","no","no","no","no","yes","no","yes","no","no",16,2,2,1,1,1,2,2,1,3,5,14,2,9,6,8,"fail"
"27","GP","M","U","GT3","T","no","yes","yes","no","yes","yes","yes","no","no","no","yes","no","no","no","yes","no","no","no","no","no","yes","no","yes","no","no",15,2,2,1,1,4,2,2,1,2,5,2,0,12,12,11,"pass"
"28","GP","M","U","GT3","T","no","no","yes","no","yes","yes","yes","no","no","yes","no","no","no","no","no","yes","no","no","no","yes","no","no","yes","no","no",15,4,2,1,1,2,2,4,2,4,1,4,0,16,15,15,"pass"
"29","GP","M","U","LE3","A","yes","yes","no","yes","yes","yes","yes","no","no","no","no","yes","no","no","yes","no","no","no","no","no","yes","no","yes","no","no",16,3,4,1,2,5,3,3,1,1,5,4,0,11,11,11,"pass"
"30","GP","M","U","GT3","T","no","yes","yes","yes","yes","yes","yes","yes","no","no","no","no","yes","yes","no","no","no","no","no","no","yes","no","yes","no","no",16,4,4,1,2,4,4,5,5,5,5,16,0,12,10,11,"pass"
"31","GP","M","U","GT3","T","no","yes","yes","no","no","yes","yes","no","no","yes","no","no","no","no","no","yes","no","no","no","no","yes","no","yes","no","no",15,4,4,1,2,5,4,2,3,4,5,0,0,11,9,12,"pass"
"32","GP","M","U","GT3","T","no","yes","no","yes","yes","yes","yes","no","no","no","no","yes","no","no","no","yes","no","no","no","no","no","yes","yes","no","no",15,4,4,2,2,4,3,1,1,1,5,0,0,16,17,17,"pass"
"33","GP","M","R","GT3","T","no","yes","no","yes","yes","yes","yes","yes","no","no","no","no","yes","no","no","no","no","yes","yes","no","no","no","yes","no","no",15,4,3,1,2,4,5,2,1,1,5,0,0,16,17,16,"pass"
"34","GP","M","U","LE3","T","no","no","no","yes","no","yes","yes","no","no","no","yes","no","no","no","yes","no","no","no","yes","no","no","no","yes","no","no",15,3,3,1,2,5,3,2,1,1,2,0,0,10,8,12,"pass"
"35","GP","M","U","GT3","T","no","yes","yes","no","no","yes","yes","no","no","no","yes","no","no","no","yes","no","no","no","no","no","yes","no","yes","no","no",16,3,2,1,1,5,4,3,1,1,5,0,0,14,12,15,"pass"
"36","GP","F","U","GT3","T","no","yes","no","yes","yes","yes","no","no","no","no","yes","no","no","no","yes","no","no","no","no","yes","no","no","no","yes","no",15,2,3,2,1,3,5,1,1,1,5,0,0,7,8,6,"fail"
"37","GP","M","U","LE3","T","no","yes","no","yes","yes","yes","yes","no","no","no","no","no","yes","no","no","yes","no","no","no","no","yes","no","yes","no","no",15,4,3,1,3,5,4,3,1,1,4,2,0,16,15,18,"pass"
"38","GP","M","R","GT3","A","no","yes","no","yes","yes","yes","yes","yes","no","no","yes","no","no","yes","no","no","no","no","no","no","no","yes","yes","no","no",16,4,4,2,3,2,4,3,1,1,5,7,0,16,15,15,"pass"
"39","GP","F","R","GT3","T","yes","yes","yes","yes","yes","yes","yes","no","no","no","no","yes","no","no","no","no","yes","no","yes","no","no","no","yes","no","no",15,3,4,1,3,4,3,2,1,1,5,2,0,12,12,11,"pass"
"40","GP","F","R","GT3","T","yes","yes","yes","yes","yes","yes","no","no","yes","no","no","no","no","no","yes","no","no","no","no","no","no","yes","yes","no","no",15,2,2,1,1,4,3,1,1,1,2,8,0,13,14,13,"pass"
"41","GP","F","U","LE3","T","no","yes","no","yes","no","yes","yes","yes","no","no","yes","no","no","no","yes","no","no","no","no","no","yes","no","yes","no","no",16,2,2,2,2,3,3,3,1,2,3,25,1,10,7,11,"pass"
"42","GP","M","U","LE3","T","no","yes","no","no","no","yes","yes","yes","no","no","no","no","yes","no","yes","no","no","no","no","no","yes","no","no","no","yes",15,4,4,1,1,5,4,3,2,4,5,8,0,12,12,12,"pass"
"43","GP","M","U","GT3","T","no","yes","no","yes","yes","yes","yes","no","no","no","no","yes","no","yes","no","no","no","no","yes","no","no","no","no","yes","no",15,4,4,1,2,4,3,3,1,1,5,2,0,18,19,18,"pass"
"44","GP","M","U","GT3","T","yes","yes","no","no","yes","yes","yes","no","no","no","no","yes","no","no","no","yes","no","no","yes","no","no","no","no","yes","no",15,2,2,1,1,5,4,1,1,1,1,0,0,8,8,11,"pass"
"45","GP","F","U","LE3","T","yes","no","no","yes","yes","yes","yes","no","no","no","yes","no","no","no","no","no","no","yes","yes","no","no","no","no","yes","no",16,2,2,2,2,4,3,3,2,2,5,14,1,10,10,9,"fail"
"46","GP","F","U","LE3","A","yes","yes","yes","yes","yes","yes","yes","yes","no","no","yes","no","no","no","yes","no","no","no","yes","no","no","no","yes","no","no",15,4,3,1,2,5,2,2,1,1,5,8,0,8,8,6,"fail"
"47","GP","F","U","LE3","A","no","yes","no","no","yes","yes","yes","no","no","no","yes","no","no","no","no","yes","no","no","no","no","yes","no","yes","no","no",16,3,3,1,2,2,3,5,1,4,3,12,0,12,11,11,"pass"
"48","GP","M","U","GT3","T","no","no","no","yes","yes","yes","yes","no","no","yes","no","no","no","no","no","yes","no","no","no","no","no","yes","yes","no","no",16,4,3,1,4,4,2,2,1,1,2,4,0,19,19,20,"pass"
"49","GP","M","U","GT3","T","no","yes","yes","no","yes","yes","no","no","no","no","no","no","yes","no","yes","no","no","no","no","no","yes","no","yes","no","no",15,4,2,1,2,4,3,3,2,2,5,2,0,15,15,14,"pass"
"50","GP","F","U","GT3","T","yes","yes","no","yes","no","yes","yes","no","no","no","no","yes","no","yes","no","no","no","no","no","yes","no","no","no","yes","no",15,4,4,1,2,4,4,4,1,1,3,2,1,7,7,7,"fail"
"51","GP","F","U","LE3","T","no","yes","yes","no","yes","yes","yes","no","no","no","no","yes","no","no","no","yes","no","no","yes","no","no","no","yes","no","no",16,2,2,3,2,4,3,3,2,3,4,2,0,13,12,13,"pass"
"52","GP","F","U","LE3","T","no","yes","yes","no","yes","yes","yes","no","no","yes","no","no","no","no","yes","no","no","no","no","yes","no","no","yes","no","no",15,4,2,1,2,4,3,3,1,1,5,2,0,13,11,13,"pass"
"53","GP","M","U","LE3","A","no","no","no","no","yes","yes","no","no","no","yes","no","no","no","no","no","no","yes","no","no","yes","no","no","no","yes","no",15,4,2,2,1,5,5,5,3,4,5,6,1,11,11,10,"pass"
"54","GP","F","U","GT3","T","yes","yes","yes","no","yes","yes","yes","no","no","no","no","yes","no","no","no","yes","no","no","yes","no","no","no","yes","no","no",15,4,4,1,1,3,3,4,2,3,5,0,0,10,8,11,"pass"
"55","GP","F","U","LE3","A","no","no","yes","no","yes","yes","yes","no","no","no","yes","no","no","no","yes","no","no","no","no","yes","no","no","yes","no","no",15,3,3,1,1,5,3,4,4,4,1,6,0,13,10,13,"pass"
"56","GP","F","U","GT3","A","no","no","yes","yes","yes","yes","yes","yes","no","no","yes","no","no","no","yes","no","no","no","no","yes","no","no","yes","no","no",16,2,1,1,2,5,3,4,1,1,2,8,0,9,8,10,"pass"
"57","GP","F","U","GT3","A","no","yes","yes","yes","yes","yes","yes","no","no","no","no","yes","no","no","no","yes","no","no","no","no","no","yes","yes","no","no",15,4,3,1,2,4,3,2,1,1,1,0,0,15,14,15,"pass"
"58","GP","M","U","GT3","T","no","yes","no","yes","yes","yes","no","no","no","no","no","no","yes","no","no","no","yes","no","no","no","no","yes","yes","no","no",15,4,4,1,2,3,2,2,1,1,5,4,0,15,14,15,"pass"
"59","GP","M","U","LE3","T","yes","yes","no","yes","yes","yes","yes","no","no","no","yes","no","no","no","no","no","no","yes","no","no","yes","no","no","yes","no",15,1,2,1,2,4,3,2,1,1,5,2,0,10,9,9,"fail"
"60","GP","F","U","GT3","T","no","yes","no","no","yes","yes","yes","no","no","no","no","yes","no","no","yes","no","no","no","yes","no","no","no","yes","no","no",16,4,2,1,2,4,2,3,1,1,5,2,0,16,15,16,"pass"
"61","GP","F","R","GT3","T","no","yes","no","yes","yes","yes","no","no","no","yes","no","no","no","yes","no","no","no","no","no","yes","no","no","yes","no","no",16,4,4,1,2,2,4,4,2,3,4,6,0,11,10,11,"pass"
"62","GP","F","U","GT3","T","yes","yes","no","yes","no","yes","yes","yes","no","no","no","yes","no","no","no","yes","no","no","yes","no","no","no","no","yes","no",16,1,1,4,1,5,5,5,5,5,5,6,0,8,10,11,"pass"
"63","GP","F","U","LE3","T","yes","no","no","yes","yes","yes","yes","no","no","no","yes","no","no","no","no","yes","no","no","no","no","no","yes","no","yes","no",16,1,2,1,2,4,4,3,1,1,1,4,0,10,8,9,"fail"
"64","GP","F","U","GT3","T","yes","yes","yes","yes","yes","yes","yes","no","no","no","no","no","yes","no","no","no","yes","no","no","no","yes","no","yes","no","no",16,4,3,1,3,3,4,4,2,4,4,2,0,9,10,9,"fail"
"65","GP","F","U","LE3","T","yes","no","no","yes","yes","yes","yes","yes","no","no","no","yes","no","no","no","yes","no","no","no","no","no","yes","no","yes","no",15,4,3,1,2,4,4,4,2,4,2,0,0,10,10,10,"pass"
"66","GP","F","U","LE3","T","no","yes","no","yes","yes","yes","yes","no","no","no","no","no","yes","no","no","yes","no","no","yes","no","no","no","yes","no","no",16,4,3,3,2,5,4,3,1,2,1,2,0,15,16,15,"pass"
"67","GP","M","U","GT3","A","no","yes","no","yes","no","yes","yes","yes","no","no","yes","no","no","no","no","yes","no","no","no","no","no","yes","yes","no","no",15,4,4,1,4,1,3,3,5,5,3,4,0,13,13,12,"pass"
"68","GP","F","U","GT3","T","yes","yes","yes","no","yes","yes","yes","no","no","no","no","yes","no","no","yes","no","no","no","yes","no","no","no","yes","no","no",16,3,1,1,4,4,3,3,1,2,5,4,0,7,7,6,"fail"
"69","GP","F","R","LE3","T","yes","yes","yes","no","yes","yes","yes","no","no","yes","no","no","no","no","no","yes","no","no","no","no","no","yes","yes","no","no",15,2,2,2,2,4,1,3,1,3,4,2,0,9,8,8,"fail"
"70","GP","F","R","LE3","T","no","yes","no","no","no","yes","yes","no","no","no","yes","no","no","no","yes","no","no","no","no","no","no","yes","no","yes","no",15,3,1,2,4,4,4,2,2,3,3,12,0,16,16,16,"pass"
"71","GP","M","U","GT3","T","no","yes","yes","no","yes","yes","yes","no","no","no","yes","no","no","no","yes","no","no","no","no","no","no","yes","no","yes","no",16,3,1,2,4,4,3,2,1,1,5,0,0,15,13,15,"pass"
"72","GP","M","U","GT3","T","no","no","no","no","yes","yes","yes","no","no","no","yes","no","no","no","yes","no","no","no","yes","no","no","no","yes","no","no",15,4,2,1,4,3,3,3,1,1,3,0,0,10,10,10,"pass"
"73","GP","F","R","GT3","T","yes","yes","no","no","no","yes","yes","yes","no","no","yes","no","no","no","yes","no","no","no","no","no","no","yes","yes","no","no",15,1,1,1,2,3,3,4,2,4,5,2,2,6,8,5,"fail"
"74","GP","M","U","GT3","T","no","no","no","yes","yes","yes","no","no","no","no","yes","no","no","no","yes","no","no","no","no","no","no","yes","yes","no","no",16,3,1,1,1,5,3,2,2,2,5,2,0,12,12,14,"pass"
"75","GP","F","U","GT3","T","yes","yes","yes","yes","yes","yes","yes","no","no","no","yes","no","no","no","no","yes","no","no","no","no","yes","no","yes","no","no",16,3,3,1,2,4,3,3,2,4,5,54,0,12,11,11,"pass"
"76","GP","M","U","GT3","T","no","yes","yes","yes","yes","yes","yes","no","no","no","no","no","yes","no","yes","no","no","no","no","no","yes","no","yes","no","no",15,4,3,1,2,4,3,3,2,3,5,6,0,9,9,10,"pass"
"77","GP","M","U","GT3","T","no","no","no","yes","yes","yes","yes","no","no","no","no","no","yes","no","yes","no","no","no","yes","no","no","no","yes","no","no",15,4,0,2,4,3,4,3,1,1,1,8,0,11,11,10,"pass"
"78","GP","F","U","GT3","T","no","no","yes","no","yes","yes","yes","yes","no","no","yes","no","no","no","yes","no","no","no","no","no","no","yes","yes","no","no",16,2,2,1,4,5,2,3,1,3,3,0,0,11,11,11,"pass"
"79","GP","M","U","GT3","T","yes","yes","no","yes","yes","no","yes","no","no","no","yes","no","no","no","yes","no","no","no","no","no","yes","no","yes","no","no",17,2,1,2,1,4,5,1,1,1,3,2,3,8,8,10,"pass"
"80","GP","F","U","GT3","T","no","yes","no","no","yes","yes","yes","no","yes","no","no","no","no","no","yes","no","no","no","yes","no","no","no","yes","no","no",16,3,4,1,2,2,4,3,1,2,3,12,0,5,5,5,"fail"
"81","GP","M","U","GT3","T","yes","yes","yes","yes","no","yes","yes","yes","no","no","yes","no","no","no","no","yes","no","no","yes","no","no","no","no","yes","no",15,2,3,1,1,3,2,2,1,3,3,2,0,12,10,12,"pass"
"82","GP","M","U","GT3","T","yes","no","yes","no","no","yes","yes","no","no","no","yes","no","no","no","yes","no","no","no","no","no","yes","no","yes","no","no",15,2,3,1,3,5,3,2,1,2,5,4,0,10,11,11,"pass"
"83","GP","F","U","LE3","T","no","yes","yes","no","yes","yes","yes","no","no","no","no","yes","no","no","yes","no","no","no","no","no","no","yes","yes","no","no",15,3,2,1,2,4,4,4,1,1,5,10,0,6,7,6,"fail"
"84","GP","M","U","LE3","T","no","no","yes","yes","yes","yes","yes","no","no","no","no","yes","no","no","no","yes","no","no","no","no","yes","no","yes","no","no",15,2,2,2,2,5,3,3,1,3,4,4,0,15,15,15,"pass"
"85","GP","F","U","GT3","T","no","yes","no","yes","no","yes","yes","no","no","no","yes","no","no","no","yes","no","no","no","no","no","yes","no","no","yes","no",15,1,1,1,2,4,3,2,2,3,4,2,0,10,9,10,"pass"
"86","GP","F","U","GT3","T","no","no","yes","no","yes","yes","yes","yes","no","no","no","yes","no","no","no","yes","no","no","no","no","no","yes","no","yes","no",15,4,4,2,2,4,4,4,2,3,5,6,2,9,7,8,"fail"
"87","GP","F","U","LE3","T","no","yes","no","no","yes","yes","no","no","yes","no","no","no","no","no","yes","no","no","no","yes","no","no","no","yes","no","no",16,2,2,1,2,4,3,4,1,2,2,4,0,7,8,6,"fail"
"88","GP","F","U","GT3","T","no","yes","no","yes","yes","yes","yes","no","no","no","yes","no","no","no","yes","no","no","no","no","no","no","yes","yes","no","no",15,4,2,1,3,5,3,3,1,3,1,4,0,14,13,14,"pass"
"89","GP","M","U","GT3","T","no","no","yes","yes","no","yes","yes","no","no","no","no","yes","no","no","yes","no","no","no","no","no","no","yes","no","yes","no",16,2,2,2,2,4,4,2,1,1,3,12,1,10,11,10,"pass"
"90","GP","M","U","LE3","A","no","yes","no","no","yes","yes","no","no","no","no","no","no","yes","no","no","no","yes","no","no","no","no","yes","yes","no","no",16,4,4,1,2,4,1,3,3,5,5,18,0,6,8,7,"fail"
"91","GP","F","U","GT3","T","no","yes","yes","no","yes","yes","yes","yes","no","no","yes","no","no","no","yes","no","no","no","no","no","yes","no","yes","no","no",16,3,3,1,3,4,3,3,1,3,4,0,0,7,7,8,"fail"
"92","GP","F","U","GT3","T","no","no","yes","yes","yes","yes","yes","no","no","no","no","yes","no","no","yes","no","no","no","no","no","no","yes","yes","no","no",15,4,3,1,1,4,5,5,1,3,1,4,0,17,16,18,"pass"
"93","GP","F","U","LE3","T","yes","yes","no","no","yes","yes","no","no","no","no","yes","no","no","no","yes","no","no","no","no","no","yes","no","no","yes","no",16,3,1,1,2,3,3,3,2,3,2,4,0,6,7,6,"fail"
"94","GP","F","U","GT3","T","no","yes","yes","yes","yes","yes","yes","no","no","no","no","no","yes","no","no","yes","no","no","no","no","yes","no","yes","no","no",16,4,2,2,2,5,3,3,1,1,1,0,0,10,11,10,"pass"
"95","GP","M","U","LE3","T","no","yes","no","yes","yes","yes","yes","no","no","no","no","yes","no","no","no","no","yes","no","no","no","no","yes","yes","no","no",15,2,2,1,4,4,3,4,1,1,4,6,0,13,11,14,"pass"
"96","GP","F","R","GT3","T","yes","yes","yes","yes","yes","yes","yes","no","yes","no","no","no","no","no","yes","no","no","no","no","no","yes","no","yes","no","no",15,1,1,2,4,3,1,2,1,1,1,2,1,10,7,10,"pass"
"97","GP","M","R","GT3","T","yes","yes","no","yes","no","yes","yes","no","no","no","no","yes","no","no","yes","no","no","no","no","no","no","yes","yes","no","no",16,4,3,2,1,3,3,3,1,1,4,2,0,15,11,15,"pass"
"98","GP","F","U","GT3","T","no","yes","yes","no","yes","yes","no","yes","no","no","yes","no","no","no","yes","no","no","no","yes","no","no","no","yes","no","no",16,2,1,1,2,4,3,5,1,1,5,2,0,9,8,10,"pass"
"99","GP","F","U","GT3","T","no","no","no","yes","no","yes","yes","no","no","no","yes","no","no","no","yes","no","no","no","no","no","no","yes","yes","no","no",16,4,4,1,1,5,3,4,1,2,1,6,0,14,11,14,"pass"
"100","GP","F","U","GT3","T","yes","yes","yes","no","yes","yes","yes","no","no","no","yes","no","no","no","no","no","no","yes","yes","no","no","no","yes","no","no",16,4,3,1,3,5,3,5,1,1,3,0,0,9,7,8,"fail"
"101","GP","M","U","GT3","T","yes","yes","yes","yes","yes","yes","yes","no","no","no","no","yes","no","no","no","yes","no","no","no","yes","no","no","yes","no","no",16,4,4,1,1,4,5,5,5,5,4,14,0,7,7,5,"fail"
"102","GP","M","U","GT3","T","no","yes","no","yes","yes","yes","yes","yes","no","no","no","yes","no","yes","no","no","no","no","no","yes","no","no","no","yes","no",16,4,4,1,3,4,4,3,1,1,4,0,0,17,16,17,"pass"
"103","GP","M","U","GT3","T","no","yes","no","yes","no","yes","yes","no","no","no","no","yes","no","no","yes","no","no","no","yes","no","no","no","yes","no","no",15,4,4,1,1,5,3,3,1,1,5,4,0,13,10,14,"pass"
"104","GP","F","U","GT3","T","yes","yes","yes","no","yes","yes","yes","no","no","no","no","yes","no","no","yes","no","no","no","no","no","yes","no","yes","no","no",15,3,2,2,2,4,3,5,1,1,2,26,0,6,7,6,"fail"
"105","GP","M","U","GT3","A","no","yes","yes","yes","yes","yes","yes","no","no","no","no","yes","no","no","yes","no","no","no","yes","no","no","no","yes","no","no",15,3,4,1,2,5,4,4,1,1,1,0,0,18,16,18,"pass"
"106","GP","F","U","GT3","A","yes","no","no","no","yes","yes","no","no","no","no","yes","no","no","no","no","no","yes","no","no","no","no","yes","no","yes","no",15,3,3,1,4,4,3,3,1,1,4,10,0,11,10,11,"pass"
"107","GP","F","U","GT3","T","yes","yes","yes","no","yes","yes","yes","no","no","no","yes","no","no","no","yes","no","no","no","yes","no","no","no","yes","no","no",15,2,2,1,4,5,1,2,1,1,3,8,0,8,7,8,"fail"
"108","GP","M","U","GT3","T","no","yes","no","yes","yes","yes","yes","no","no","no","no","yes","no","no","yes","no","no","no","no","no","yes","no","no","yes","no",16,3,3,1,3,5,3,3,1,1,5,2,0,18,16,18,"pass"
"109","GP","M","R","GT3","T","no","yes","yes","yes","yes","yes","yes","yes","no","no","yes","no","no","no","yes","no","no","no","no","no","yes","no","no","yes","no",15,4,4,4,4,1,3,5,3,5,1,6,0,13,10,13,"pass"
"110","GP","F","U","LE3","T","no","yes","yes","yes","yes","yes","yes","yes","no","yes","no","no","no","no","no","no","yes","no","no","yes","no","no","yes","no","no",16,4,4,1,3,5,4,5,1,1,4,4,0,15,14,16,"pass"
"111","GP","M","U","LE3","A","no","no","no","yes","yes","yes","yes","no","no","no","no","no","yes","yes","no","no","no","no","yes","no","no","no","yes","no","no",15,4,4,1,1,5,5,3,1,1,4,6,0,19,18,19,"pass"
"112","GP","F","R","GT3","T","yes","yes","no","yes","yes","yes","yes","no","no","no","no","yes","no","no","yes","no","no","no","no","no","no","yes","no","yes","no",16,3,3,1,3,4,1,2,1,1,2,0,1,10,7,10,"pass"
"113","GP","F","U","GT3","T","yes","no","no","yes","yes","yes","yes","no","yes","no","no","no","no","no","yes","no","no","no","no","no","yes","no","yes","no","no",16,2,2,1,2,3,1,2,1,1,5,6,1,13,10,13,"pass"
"114","GP","M","U","LE3","T","no","no","no","no","yes","yes","yes","no","no","no","no","no","yes","no","yes","no","no","no","yes","no","no","no","yes","no","no",15,4,2,1,1,3,5,2,1,1,3,10,0,19,18,19,"pass"
"115","GP","M","R","GT3","T","no","no","no","yes","yes","yes","yes","yes","no","yes","no","no","no","no","no","yes","no","no","no","no","no","yes","yes","no","no",15,2,1,1,2,5,4,2,1,1,5,8,0,9,9,9,"fail"
"116","GP","M","U","GT3","T","no","yes","no","yes","yes","yes","yes","no","no","no","no","no","yes","yes","no","no","no","no","yes","no","no","no","no","yes","no",16,4,4,1,2,5,4,4,1,2,5,2,0,15,15,16,"pass"
"117","GP","M","U","GT3","T","no","yes","no","yes","yes","yes","no","no","no","no","yes","no","no","yes","no","no","no","no","no","no","no","yes","no","yes","no",15,4,4,2,2,4,4,3,1,1,2,2,0,13,11,14,"pass"
"118","GP","M","U","GT3","T","no","no","no","yes","yes","yes","yes","no","no","no","yes","no","no","no","no","yes","no","no","no","no","yes","no","no","yes","no",16,3,3,2,1,5,4,2,1,1,5,0,0,14,13,13,"pass"
"119","GP","M","R","GT3","T","no","yes","no","yes","yes","yes","yes","no","no","no","yes","no","no","no","yes","no","no","no","yes","no","no","no","no","yes","no",17,1,3,3,2,5,2,4,1,4,5,20,1,7,9,8,"fail"
"120","GP","M","U","GT3","T","no","no","no","no","yes","yes","yes","no","no","no","yes","no","no","no","yes","no","no","no","no","no","no","yes","no","yes","no",15,3,4,1,1,3,4,3,1,2,4,6,0,13,14,13,"pass"
"121","GP","F","U","GT3","T","no","no","no","no","no","yes","yes","no","yes","no","no","no","no","no","no","yes","no","no","yes","no","no","no","yes","no","no",15,1,2,1,2,3,2,3,1,2,1,2,0,15,16,15,"pass"
"122","GP","M","U","GT3","T","no","yes","yes","yes","yes","yes","yes","no","no","no","no","yes","no","no","no","yes","no","no","no","no","yes","no","no","yes","no",15,2,2,1,4,5,5,4,1,2,5,6,0,14,16,15,"pass"
"123","GP","F","U","LE3","T","no","yes","yes","yes","yes","yes","yes","yes","no","no","yes","no","no","no","no","no","yes","no","yes","no","no","no","no","yes","no",16,2,4,2,2,4,2,2,1,2,5,2,0,13,13,13,"pass"
"124","GP","M","U","GT3","T","no","yes","no","yes","yes","yes","yes","no","no","yes","no","no","no","no","yes","no","no","no","yes","no","no","no","yes","no","no",16,4,4,1,1,3,4,4,1,4,5,18,0,11,14,13,"pass"
"125","GP","F","U","GT3","T","no","no","yes","no","yes","yes","yes","yes","no","no","yes","no","no","no","yes","no","no","no","no","no","yes","no","yes","no","no",16,2,2,1,2,5,4,4,1,1,5,0,0,7,8,8,"fail"
"126","GP","M","U","GT3","T","yes","no","no","no","yes","yes","yes","no","no","no","no","yes","no","no","no","yes","no","no","no","no","yes","no","no","yes","no",15,3,4,1,1,5,5,5,3,2,5,0,0,13,13,12,"pass"
"127","GP","F","U","LE3","A","yes","no","no","yes","yes","yes","yes","yes","no","no","yes","no","no","no","yes","no","no","no","no","no","yes","no","yes","no","no",15,3,4,1,2,5,3,2,1,1,1,0,0,10,7,11,"pass"
"128","GP","F","U","GT3","T","no","yes","no","no","no","no","no","no","yes","no","no","no","no","no","yes","no","no","no","yes","no","no","no","no","no","yes",19,0,1,1,2,3,4,2,1,1,5,2,3,8,7,9,"fail"
"130","GP","M","R","GT3","T","no","no","yes","yes","yes","yes","yes","no","no","no","no","no","yes","yes","no","no","no","no","yes","no","no","no","yes","no","no",16,4,4,1,1,3,5,5,2,5,4,8,0,18,18,18,"pass"
"133","GP","F","U","LE3","T","no","yes","no","no","yes","yes","yes","yes","no","no","yes","no","no","no","yes","no","no","no","yes","no","no","no","no","yes","no",17,2,2,1,1,3,4,4,1,3,5,12,0,13,10,12,"pass"
"134","GP","F","U","GT3","A","no","no","no","no","yes","yes","yes","no","no","no","no","yes","no","no","yes","no","no","no","yes","no","no","no","no","yes","no",16,3,4,1,1,3,2,1,1,4,5,16,0,11,12,11,"pass"
"139","GP","M","U","LE3","T","no","no","no","no","yes","yes","no","yes","no","no","no","yes","no","no","yes","no","no","no","yes","no","no","no","yes","no","no",16,1,1,1,2,4,4,4,1,3,5,0,1,12,14,12,"pass"
"140","GP","F","U","GT3","T","no","no","no","yes","yes","yes","yes","no","no","no","no","no","yes","yes","no","no","no","no","yes","no","no","no","yes","no","no",15,4,4,2,1,4,3,2,1,1,5,0,0,16,16,15,"pass"
"142","GP","M","U","LE3","T","no","yes","no","yes","yes","yes","yes","no","no","no","no","yes","no","no","no","yes","no","no","no","no","no","yes","no","yes","no",16,2,2,2,1,2,3,3,2,2,2,8,2,9,9,9,"fail"
"143","GP","F","U","GT3","T","no","yes","yes","yes","yes","yes","yes","no","no","no","no","no","yes","no","no","yes","no","no","yes","no","no","no","yes","no","no",15,4,4,1,3,4,2,2,1,1,5,2,0,11,9,11,"pass"
"144","GP","F","U","LE3","T","no","no","no","no","yes","yes","yes","no","yes","no","no","no","no","no","no","no","no","yes","yes","no","no","no","yes","no","no",16,1,1,1,1,3,4,4,3,3,1,2,0,14,14,13,"pass"
"146","GP","F","U","GT3","T","no","yes","yes","no","yes","yes","yes","no","no","no","yes","no","no","no","no","yes","no","no","yes","no","no","no","no","yes","no",15,1,1,1,2,4,4,2,1,2,5,0,0,11,8,11,"pass"
"148","GP","F","U","GT3","T","no","yes","yes","no","no","yes","yes","no","yes","no","no","no","no","no","yes","no","no","no","yes","no","no","no","yes","no","no",15,1,2,1,2,4,3,2,1,1,5,2,0,11,10,11,"pass"
"150","GP","M","U","LE3","A","no","no","no","no","yes","yes","yes","no","no","no","no","yes","no","no","yes","no","no","no","yes","no","no","no","yes","no","no",15,2,1,4,1,4,5,5,2,5,5,0,3,9,8,10,"pass"
"152","GP","M","U","LE3","T","no","no","no","yes","yes","yes","no","yes","yes","no","no","no","no","no","yes","no","no","no","yes","no","no","no","yes","no","no",16,2,1,1,1,4,4,4,3,5,5,6,1,13,12,14,"pass"
"153","GP","F","R","GT3","T","no","yes","yes","yes","yes","yes","yes","yes","no","no","no","yes","no","no","no","yes","no","no","no","no","no","yes","no","no","yes",15,3,3,2,3,4,2,1,2,3,3,8,2,10,10,10,"pass"
"155","GP","F","U","GT3","T","yes","yes","no","no","yes","yes","no","yes","no","no","yes","no","no","yes","no","no","no","no","yes","no","no","no","yes","no","no",17,4,4,1,1,4,2,1,1,1,4,0,0,11,11,12,"pass"
"156","GP","M","R","GT3","T","yes","no","yes","yes","yes","yes","no","no","yes","no","no","no","no","no","no","yes","no","no","yes","no","no","no","yes","no","no",15,2,3,1,2,4,4,4,1,1,1,2,0,8,11,8,"fail"
"157","GP","M","R","LE3","T","no","no","no","no","yes","yes","no","no","no","no","yes","no","no","no","yes","no","no","no","no","no","no","yes","yes","no","no",17,1,2,1,1,2,2,2,3,3,5,8,0,12,16,13,"pass"
"158","GP","F","R","GT3","T","no","yes","no","yes","no","yes","no","no","yes","no","no","no","no","no","yes","no","no","no","yes","no","no","no","yes","no","no",18,1,1,3,1,5,2,5,1,5,4,6,3,8,9,10,"pass"
"159","GP","M","R","GT3","T","no","no","no","no","no","yes","no","no","yes","no","no","no","no","no","yes","no","no","no","yes","no","no","no","yes","no","no",16,2,2,3,1,4,2,2,1,2,3,2,0,15,17,15,"pass"
"160","GP","M","U","GT3","T","no","yes","yes","no","yes","yes","yes","yes","no","no","yes","no","no","no","no","yes","no","no","yes","no","no","no","no","yes","no",16,3,3,1,2,4,5,5,4,4,5,4,1,12,10,12,"pass"
"162","GP","M","R","GT3","T","yes","yes","no","no","yes","yes","yes","yes","no","no","yes","no","no","no","yes","no","no","no","yes","no","no","no","yes","no","no",15,3,2,2,2,4,4,4,1,4,3,6,2,9,5,7,"fail"
"164","GP","M","U","GT3","T","no","no","no","no","yes","no","yes","no","yes","no","no","no","no","no","no","yes","no","no","yes","no","no","no","no","yes","no",17,1,3,1,1,5,3,3,1,4,2,2,0,10,10,10,"pass"
"165","GP","M","R","LE3","T","no","no","no","yes","yes","no","no","yes","no","no","yes","no","no","no","no","yes","no","no","yes","no","no","no","yes","no","no",17,1,1,4,2,5,3,5,1,5,5,0,3,8,5,7,"fail"
"166","GP","M","U","GT3","T","no","yes","no","yes","no","no","no","no","no","no","no","yes","no","no","no","yes","no","no","yes","no","no","no","yes","no","no",16,3,2,2,1,4,5,2,1,1,2,16,1,11,12,12,"pass"
"167","GP","M","U","GT3","T","no","no","no","no","yes","no","yes","no","no","no","yes","no","no","no","yes","no","no","no","yes","no","no","no","no","yes","no",16,2,2,1,2,4,3,5,2,4,4,4,0,10,10,10,"pass"
"168","GP","F","U","GT3","T","no","no","yes","no","yes","yes","yes","yes","no","yes","no","no","no","no","no","yes","no","no","no","no","yes","no","no","yes","no",16,4,2,1,2,4,2,3,1,1,3,0,0,15,14,16,"pass"
"170","GP","F","U","GT3","T","no","yes","yes","no","yes","yes","yes","yes","no","yes","no","no","no","no","no","no","yes","no","no","no","no","yes","yes","no","no",16,4,4,1,2,4,4,2,1,1,3,0,0,14,14,14,"pass"
"172","GP","M","U","GT3","T","no","yes","yes","yes","yes","yes","yes","yes","no","no","yes","no","no","no","yes","no","no","no","no","no","no","yes","yes","no","no",16,1,0,2,2,4,3,2,1,1,3,2,0,15,13,16,"pass"
"173","GP","M","U","LE3","T","no","yes","yes","yes","yes","yes","yes","no","no","no","no","no","yes","no","yes","no","no","no","no","no","no","yes","yes","no","no",17,4,4,1,2,4,4,4,1,3,5,0,0,11,13,10,"pass"
"175","GP","F","U","LE3","T","no","yes","yes","yes","yes","yes","yes","no","no","no","yes","no","no","no","yes","no","no","no","no","no","no","yes","yes","no","no",16,3,3,2,2,4,4,5,1,1,4,4,0,11,10,9,"fail"
"176","GP","M","U","LE3","T","no","no","yes","yes","yes","yes","yes","no","no","no","no","no","yes","no","yes","no","no","no","yes","no","no","no","yes","no","no",17,4,3,2,2,4,4,4,4,4,4,4,0,9,10,9,"fail"
"177","GP","F","U","GT3","T","no","no","yes","yes","no","yes","yes","no","no","no","no","yes","no","no","yes","no","no","no","no","no","no","yes","yes","no","no",16,2,2,2,2,3,4,4,1,4,5,2,0,13,13,11,"pass"
"178","GP","M","U","GT3","T","no","no","no","yes","no","yes","yes","no","no","no","yes","no","no","no","yes","no","no","no","no","no","no","yes","no","yes","no",17,3,3,1,2,4,3,4,1,4,4,4,0,5,6,6,"fail"
"179","GP","M","R","GT3","T","no","yes","no","yes","yes","yes","yes","yes","no","no","no","no","yes","no","no","yes","no","no","no","yes","no","no","yes","no","no",16,4,2,1,1,4,3,3,3,4,3,10,0,8,10,9,"fail"
"180","GP","M","U","GT3","T","no","yes","no","yes","yes","yes","yes","yes","no","no","yes","no","no","no","yes","no","no","no","yes","no","no","no","yes","no","no",17,4,3,1,2,5,2,3,1,1,2,4,0,10,10,11,"pass"
"181","GP","M","U","GT3","T","no","yes","yes","yes","yes","yes","yes","no","no","no","no","no","yes","no","yes","no","no","no","no","no","yes","no","yes","no","no",16,4,3,1,2,3,4,3,2,3,3,10,0,8,9,8,"fail"
"182","GP","M","U","GT3","T","no","no","yes","yes","yes","yes","yes","yes","no","no","no","yes","no","no","yes","no","no","no","no","no","yes","no","yes","no","no",16,3,3,1,2,4,2,3,1,2,3,2,0,13,12,12,"pass"
"183","GP","F","U","GT3","T","no","yes","no","yes","yes","yes","no","no","no","no","no","yes","no","no","no","yes","no","no","no","no","no","yes","no","yes","no",17,2,4,1,2,5,4,2,2,3,5,0,0,17,16,17,"pass"
"184","GP","F","U","LE3","T","no","yes","no","yes","yes","yes","yes","yes","no","no","yes","no","no","no","yes","no","no","no","no","no","no","yes","yes","no","no",17,3,3,1,2,5,3,3,2,3,1,56,0,9,9,8,"fail"
"185","GP","F","U","GT3","T","no","yes","yes","no","yes","yes","yes","no","no","no","yes","no","no","no","yes","no","no","no","no","no","no","yes","yes","no","no",16,3,2,1,2,1,2,2,1,2,1,14,0,13,12,12,"pass"
"186","GP","M","U","GT3","T","no","yes","no","yes","yes","yes","yes","yes","no","no","no","yes","no","no","no","yes","no","no","no","yes","no","no","yes","no","no",17,3,3,1,2,4,3,4,2,3,4,12,0,12,12,11,"pass"
"187","GP","M","U","GT3","T","no","yes","yes","yes","yes","yes","yes","yes","no","no","no","yes","no","no","no","yes","no","no","no","yes","no","no","yes","no","no",16,1,2,1,1,3,3,3,1,2,3,2,0,12,11,11,"pass"
"188","GP","M","U","LE3","T","no","no","yes","yes","yes","yes","yes","yes","no","no","yes","no","no","no","yes","no","no","no","yes","no","no","no","yes","no","no",16,2,1,1,2,4,2,3,1,2,5,0,0,15,15,15,"pass"
"189","GP","F","U","GT3","A","no","yes","no","no","no","yes","yes","yes","no","yes","no","no","no","no","yes","no","no","no","no","no","no","yes","yes","no","no",17,3,3,1,2,3,3,3,1,3,3,6,0,7,8,9,"fail"
"190","GP","M","R","GT3","T","no","no","no","no","yes","yes","no","no","yes","no","no","no","no","no","yes","no","no","no","no","no","yes","no","yes","no","no",17,1,2,1,2,3,1,3,1,5,3,4,0,9,8,10,"pass"
"191","GP","F","U","GT3","T","no","no","no","no","yes","yes","yes","no","no","no","no","yes","no","no","no","yes","no","no","yes","no","no","no","yes","no","no",16,2,3,1,2,4,3,3,1,1,2,10,0,12,11,13,"pass"
"192","GP","F","U","GT3","T","no","no","no","yes","yes","yes","yes","no","yes","no","no","no","no","no","no","yes","no","no","yes","no","no","no","yes","no","no",17,1,1,1,2,5,3,3,1,1,3,0,0,8,8,9,"fail"
"193","GP","M","U","GT3","T","no","no","yes","yes","no","yes","yes","no","yes","no","no","no","no","no","no","yes","no","no","no","yes","no","no","no","no","yes",17,1,2,2,2,4,4,4,4,5,5,12,0,8,7,8,"fail"
"194","GP","M","R","GT3","T","no","yes","no","yes","yes","yes","yes","no","no","no","no","yes","no","no","no","yes","no","no","no","no","no","yes","yes","no","no",16,3,3,1,1,4,3,2,3,4,5,8,0,9,8,10,"pass"
"195","GP","M","U","GT3","T","no","no","no","no","yes","yes","yes","no","no","no","yes","no","no","no","yes","no","no","no","no","no","yes","no","no","yes","no",16,2,3,2,1,5,3,3,1,1,3,0,0,14,13,14,"pass"
"196","GP","F","U","LE3","T","no","no","no","yes","yes","yes","yes","yes","no","no","no","yes","no","no","no","yes","no","no","yes","no","no","no","no","yes","no",17,2,4,1,2,4,3,2,1,1,5,0,0,15,14,15,"pass"
"197","GP","M","U","GT3","T","no","no","no","no","yes","yes","yes","no","no","no","no","yes","no","yes","no","no","no","no","no","no","yes","no","yes","no","no",17,4,4,1,1,5,2,3,1,2,5,4,0,15,17,16,"pass"
"198","GP","M","R","LE3","T","no","yes","yes","yes","yes","yes","yes","no","no","no","no","no","yes","no","yes","no","no","no","no","no","yes","no","no","yes","no",16,3,3,3,1,3,3,4,3,5,3,8,0,9,9,10,"pass"
"199","GP","F","U","GT3","T","no","yes","no","no","yes","yes","yes","no","no","no","no","yes","no","yes","no","no","no","no","no","no","yes","no","yes","no","no",17,4,4,2,1,4,2,4,2,3,2,24,1,18,18,18,"pass"
"200","GP","F","U","LE3","T","no","yes","yes","no","yes","yes","yes","no","no","no","no","no","yes","yes","no","no","no","no","no","no","no","yes","yes","no","no",16,4,4,1,2,4,5,2,1,2,3,0,0,9,9,10,"pass"
"201","GP","F","U","GT3","T","no","yes","no","yes","yes","yes","yes","no","no","yes","no","no","no","no","yes","no","no","no","no","no","yes","no","yes","no","no",16,4,3,1,2,4,3,5,1,5,2,2,0,16,16,16,"pass"
"202","GP","F","U","GT3","T","yes","yes","yes","yes","yes","yes","no","no","no","no","yes","no","no","no","yes","no","no","no","no","no","no","yes","yes","no","no",16,2,3,1,2,4,4,3,1,3,4,6,0,10,8,10,"pass"
"203","GP","F","U","GT3","T","no","yes","yes","no","no","yes","no","no","no","no","yes","no","no","no","yes","no","no","no","yes","no","no","no","yes","no","no",17,1,1,1,2,4,4,4,1,3,1,4,0,9,9,10,"pass"
"204","GP","F","R","GT3","T","no","yes","no","no","yes","yes","yes","no","no","no","yes","no","no","no","yes","no","no","no","no","no","no","yes","yes","no","no",17,2,2,1,1,5,3,2,1,2,3,18,0,6,7,6,"fail"
"205","GP","F","R","GT3","T","no","yes","yes","yes","no","yes","yes","no","no","no","no","yes","no","no","no","yes","no","no","no","no","no","yes","yes","no","no",16,2,2,2,4,5,3,5,1,1,5,6,0,10,10,11,"pass"
"206","GP","F","U","GT3","T","no","yes","yes","no","yes","yes","yes","yes","yes","no","no","no","no","no","no","yes","no","no","no","no","yes","no","yes","no","no",17,3,4,1,3,4,4,3,3,4,5,28,1,9,10,9,"fail"
"207","GP","F","U","GT3","A","no","yes","yes","no","yes","yes","yes","no","no","no","no","yes","no","no","yes","no","no","no","yes","no","no","no","yes","no","no",16,3,1,1,2,2,3,3,2,2,4,5,3,7,7,7,"fail"
"208","GP","F","U","GT3","T","no","no","yes","yes","yes","yes","yes","yes","no","no","no","no","yes","no","yes","no","no","no","no","yes","no","no","yes","no","no",16,4,3,1,2,1,3,2,1,1,1,10,0,12,11,13,"pass"
"209","GP","F","U","GT3","T","no","yes","yes","no","yes","yes","no","no","yes","no","no","no","no","no","yes","no","no","no","no","no","yes","no","yes","no","no",16,1,1,2,1,4,3,2,1,4,5,6,0,9,9,10,"pass"
"210","GP","F","R","GT3","T","no","yes","yes","yes","yes","yes","yes","yes","no","no","no","no","yes","no","yes","no","no","no","no","no","no","yes","yes","no","no",17,4,3,2,3,4,4,2,1,1,4,6,0,7,7,7,"fail"
"211","GP","F","U","GT3","T","no","yes","yes","yes","yes","yes","yes","no","no","no","yes","no","no","no","yes","no","no","no","no","no","no","yes","no","no","yes",19,3,3,1,4,4,3,3,1,2,3,10,0,8,8,8,"fail"
"212","GP","M","U","LE3","T","no","yes","yes","no","yes","yes","yes","yes","no","no","no","yes","no","no","yes","no","no","no","no","no","yes","no","yes","no","no",17,4,4,1,2,5,3,5,4,5,3,13,0,12,12,13,"pass"
"213","GP","F","U","GT3","A","yes","yes","yes","no","yes","yes","yes","no","no","no","yes","no","no","no","yes","no","no","no","no","no","no","yes","yes","no","no",16,2,2,1,2,3,3,4,1,1,4,0,0,13,12,14,"pass"
"214","GP","M","U","GT3","T","no","yes","yes","yes","yes","yes","yes","no","no","no","no","yes","no","no","yes","no","no","no","no","no","yes","no","yes","no","no",18,2,2,1,2,4,4,4,2,4,5,15,1,7,6,8,"fail"
"215","GP","F","R","LE3","T","no","yes","yes","no","yes","yes","no","no","no","no","no","yes","no","no","yes","no","no","no","no","yes","no","no","yes","no","no",17,4,4,1,1,5,2,1,1,2,3,12,0,10,8,10,"pass"
"216","GP","F","U","LE3","T","no","no","yes","no","yes","yes","yes","no","no","no","yes","no","no","no","yes","no","no","no","no","no","no","yes","yes","no","no",17,3,2,2,2,4,4,4,1,3,1,2,0,15,14,15,"pass"
"217","GP","F","U","GT3","T","no","no","yes","no","yes","yes","yes","yes","no","no","yes","no","no","no","yes","no","no","no","no","no","no","yes","yes","no","no",17,4,3,1,2,3,4,5,2,4,1,22,2,6,6,4,"fail"
"218","GP","M","U","LE3","T","no","yes","yes","no","yes","yes","yes","no","no","no","no","yes","no","no","no","no","yes","no","no","no","yes","no","no","yes","no",18,3,3,1,2,3,2,4,2,4,4,13,1,6,6,8,"fail"
"219","GP","F","U","GT3","T","no","yes","yes","no","yes","yes","no","no","yes","no","no","no","no","no","yes","no","no","no","no","no","yes","no","no","yes","no",17,2,3,2,1,3,3,3,1,4,3,3,0,7,7,8,"fail"
"220","GP","F","U","GT3","T","no","yes","yes","yes","yes","yes","yes","no","yes","no","no","no","no","no","no","no","no","yes","yes","no","no","no","yes","no","no",17,2,2,1,3,4,3,3,1,1,4,4,0,10,9,10,"pass"
"221","GP","F","R","GT3","T","no","yes","no","yes","yes","yes","yes","no","yes","no","no","no","no","no","no","yes","no","no","no","no","no","yes","yes","no","no",17,2,1,2,2,4,2,5,1,2,5,2,0,6,6,6,"fail"
"223","GP","F","U","GT3","T","yes","no","no","no","yes","yes","yes","no","no","no","no","yes","no","yes","no","no","no","no","no","yes","no","no","yes","no","no",16,2,3,1,2,2,3,1,1,1,3,2,0,16,16,17,"pass"
"224","GP","M","U","GT3","T","no","yes","yes","no","yes","yes","yes","no","no","no","yes","no","no","no","yes","no","no","no","no","no","yes","no","yes","no","no",18,2,2,2,2,3,3,3,5,5,4,0,0,13,12,13,"pass"
"225","GP","F","U","GT3","T","no","yes","no","yes","no","yes","yes","no","no","no","no","no","yes","no","no","yes","no","no","no","no","yes","no","yes","no","no",16,4,4,1,3,5,3,2,1,1,5,0,0,13,13,14,"pass"
"226","GP","F","R","GT3","T","no","no","no","yes","yes","yes","yes","yes","no","no","yes","no","no","no","yes","no","no","no","no","no","no","yes","yes","no","no",18,3,1,1,2,5,3,3,1,1,4,16,1,8,9,7,"fail"
"227","GP","F","U","GT3","T","no","no","no","yes","no","yes","yes","no","no","no","yes","no","no","no","yes","no","no","no","yes","no","no","no","yes","no","no",17,3,2,1,2,5,3,4,1,3,3,10,0,15,16,15,"pass"
"228","GP","M","U","LE3","T","no","yes","yes","no","no","yes","yes","no","no","no","no","yes","no","no","no","yes","no","no","no","no","no","yes","no","yes","no",17,2,3,1,2,5,3,3,1,3,3,2,0,11,12,12,"pass"
"229","GP","M","U","LE3","T","yes","yes","yes","yes","yes","yes","yes","yes","yes","no","no","no","no","no","yes","no","no","no","yes","no","no","no","yes","no","no",18,2,1,4,2,4,3,2,4,5,3,14,0,8,10,9,"fail"
"230","GP","F","U","GT3","A","no","no","no","yes","yes","yes","yes","yes","no","no","yes","no","no","no","yes","no","no","no","yes","no","no","no","yes","no","no",17,2,1,2,3,3,2,3,1,2,3,10,0,10,12,12,"pass"
"231","GP","F","U","LE3","T","no","no","no","yes","yes","yes","yes","yes","no","yes","no","no","no","no","yes","no","no","no","no","no","no","yes","no","yes","no",17,4,3,1,2,3,2,3,1,2,3,14,0,13,13,14,"pass"
"232","GP","M","R","GT3","T","no","yes","yes","yes","yes","yes","yes","no","no","no","yes","no","no","no","yes","no","no","no","yes","no","no","no","no","yes","no",17,2,2,2,2,4,5,2,1,1,1,4,0,11,11,11,"pass"
"233","GP","M","U","GT3","T","yes","yes","no","yes","yes","yes","yes","yes","no","no","no","no","yes","yes","no","no","no","no","no","no","no","yes","yes","no","no",17,4,4,1,2,4,5,5,1,3,2,14,0,9,11,9,"fail"
"234","GP","M","U","GT3","T","no","yes","yes","yes","yes","yes","yes","no","no","yes","no","no","no","no","yes","no","no","no","no","no","no","yes","no","yes","no",16,4,4,1,2,4,2,4,2,4,1,2,0,13,14,13,"pass"
"235","GP","M","U","LE3","T","no","yes","yes","no","yes","yes","yes","no","no","no","yes","no","no","no","yes","no","no","no","no","no","yes","no","yes","no","no",16,1,1,2,2,3,4,2,1,1,5,18,0,7,9,6,"fail"
"236","GP","M","U","GT3","T","no","no","no","yes","yes","yes","yes","yes","yes","no","no","no","no","no","yes","no","no","no","no","no","no","yes","yes","no","no",16,3,2,2,3,5,3,3,1,3,2,10,0,9,11,10,"pass"
"237","GP","M","U","LE3","T","no","no","yes","yes","no","yes","yes","yes","no","no","yes","no","no","no","yes","no","no","no","no","no","yes","no","no","yes","no",17,2,2,1,2,4,4,2,5,5,4,4,0,13,14,13,"pass"
"238","GP","F","U","GT3","T","no","no","no","no","yes","yes","yes","yes","no","no","yes","no","no","no","yes","no","no","no","no","no","yes","no","yes","no","no",16,2,1,1,1,4,5,2,1,1,5,20,0,12,13,12,"pass"
"239","GP","F","R","GT3","T","no","no","no","yes","yes","yes","no","no","yes","no","no","no","no","no","no","yes","no","no","yes","no","no","no","yes","no","no",17,2,1,3,2,2,1,1,1,1,3,2,0,11,13,11,"pass"
"241","GP","M","U","LE3","T","no","no","no","yes","yes","yes","yes","yes","no","yes","no","no","no","no","yes","no","no","no","yes","no","no","no","yes","no","no",17,4,3,2,2,2,5,5,1,4,5,14,0,12,12,12,"pass"
"242","GP","M","R","LE3","A","no","yes","yes","no","yes","yes","yes","no","no","no","no","no","yes","no","yes","no","no","no","yes","no","no","no","yes","no","no",17,4,4,2,2,3,3,3,2,3,4,2,0,11,10,12,"pass"
"244","GP","M","U","GT3","T","no","no","no","yes","yes","yes","yes","no","no","no","no","yes","no","no","no","yes","no","no","yes","no","no","no","yes","no","no",16,4,4,1,1,5,3,2,1,2,5,0,0,12,13,12,"pass"
"246","GP","M","U","GT3","T","no","no","no","no","yes","yes","yes","no","no","no","yes","no","no","no","yes","no","no","no","yes","no","no","no","yes","no","no",16,2,1,3,1,4,3,3,1,1,4,6,0,18,18,18,"pass"
"247","GP","M","U","GT3","T","no","no","no","no","yes","yes","yes","no","no","no","yes","no","no","no","yes","no","no","no","yes","no","no","no","no","yes","no",17,2,3,2,1,5,2,2,1,1,2,4,0,12,12,13,"pass"
"248","GP","M","U","GT3","T","no","no","no","no","no","no","yes","yes","no","no","no","yes","no","no","no","yes","no","no","no","yes","no","no","yes","no","no",22,3,1,1,1,5,4,5,5,5,1,16,3,8,6,8,"fail"
"249","GP","M","R","LE3","T","no","yes","no","no","yes","yes","yes","yes","no","no","yes","no","no","no","no","yes","no","no","yes","no","no","no","yes","no","no",18,3,3,1,2,4,3,3,1,3,5,8,1,5,3,5,"fail"
"250","GP","M","U","GT3","T","no","no","yes","no","no","yes","yes","no","no","no","yes","no","no","no","yes","no","no","no","no","yes","no","no","yes","no","no",16,0,2,1,1,4,3,2,2,4,5,0,0,15,13,15,"pass"
"251","GP","M","U","GT3","T","no","no","no","no","yes","no","yes","no","no","no","no","yes","no","no","yes","no","no","no","yes","no","no","no","yes","no","no",18,3,2,2,1,4,4,5,2,4,5,0,1,8,6,8,"fail"
"252","GP","M","U","GT3","T","yes","yes","no","no","no","yes","yes","no","yes","no","no","no","no","no","yes","no","no","no","no","no","no","yes","no","no","yes",16,3,3,3,2,5,3,3,1,3,2,6,0,10,7,10,"pass"
"253","GP","M","U","GT3","T","no","no","no","no","no","no","yes","no","no","no","no","yes","no","no","no","yes","no","no","no","yes","no","no","yes","no","no",18,2,1,1,1,3,2,5,2,5,5,4,1,9,6,8,"fail"
"254","GP","M","R","GT3","T","no","no","no","yes","no","yes","no","no","no","no","yes","no","no","no","yes","no","no","no","yes","no","no","no","yes","no","no",16,2,1,2,1,3,3,2,1,3,3,0,0,9,8,8,"fail"
"255","GP","M","R","GT3","T","no","no","no","no","no","yes","yes","no","no","no","yes","no","no","no","yes","no","no","no","yes","no","no","no","yes","no","no",17,2,1,1,1,4,4,2,2,4,5,0,0,12,8,12,"pass"
"256","GP","M","U","LE3","T","no","yes","no","yes","yes","yes","yes","no","no","yes","no","no","no","no","yes","no","no","no","yes","no","no","no","yes","no","no",17,1,1,2,1,4,4,4,1,2,5,2,1,9,7,8,"fail"
"257","GP","F","U","LE3","T","no","yes","yes","yes","yes","yes","yes","no","no","no","no","no","yes","no","no","yes","no","no","no","no","no","yes","yes","no","no",17,4,2,1,4,4,2,3,1,1,4,6,0,12,14,13,"pass"
"258","GP","M","U","LE3","A","no","yes","no","no","yes","yes","yes","no","no","no","no","yes","no","no","no","no","no","yes","no","no","no","yes","yes","no","no",19,4,3,1,2,4,3,1,1,1,1,12,0,11,11,11,"pass"
"259","GP","M","U","GT3","T","no","no","no","yes","yes","yes","yes","no","no","no","yes","no","no","no","yes","no","no","no","no","no","yes","no","yes","no","no",18,2,1,1,2,5,2,4,1,2,4,8,0,14,15,14,"pass"
"261","GP","F","U","GT3","T","no","yes","yes","no","yes","yes","yes","yes","no","no","no","yes","no","no","yes","no","no","no","no","no","yes","no","no","yes","no",18,4,3,1,2,3,1,2,1,3,2,21,0,18,17,18,"pass"
"262","GP","M","U","GT3","T","no","yes","yes","no","no","yes","yes","no","no","no","no","no","yes","no","yes","no","no","no","yes","no","no","no","yes","no","no",18,4,3,1,2,4,3,2,1,1,3,2,0,8,8,8,"fail"
"263","GP","M","R","GT3","T","no","no","no","yes","no","yes","no","no","no","no","yes","no","no","no","yes","no","no","no","yes","no","no","no","yes","no","no",18,3,2,1,3,5,3,2,1,1,3,1,0,12,13,12,"pass"
"264","GP","F","U","GT3","T","no","no","no","yes","no","yes","no","no","no","no","yes","no","no","no","yes","no","no","no","no","no","yes","no","yes","no","no",17,3,3,1,3,3,2,3,1,1,4,4,0,9,10,9,"fail"
"266","GP","M","R","LE3","A","no","yes","yes","yes","yes","yes","yes","no","no","no","yes","no","no","no","yes","no","no","no","no","no","no","yes","yes","no","no",18,3,4,2,2,4,2,5,3,4,1,13,0,17,17,17,"pass"
"267","GP","M","U","GT3","T","no","no","yes","yes","yes","yes","yes","yes","no","no","no","yes","no","no","yes","no","no","no","no","yes","no","no","yes","no","no",17,3,1,1,2,5,4,4,3,4,5,2,0,9,9,10,"pass"
"268","GP","F","R","GT3","T","no","no","yes","yes","yes","yes","yes","no","no","no","no","no","yes","no","yes","no","no","no","no","no","no","yes","yes","no","no",18,4,4,2,2,4,3,4,2,2,4,8,0,10,12,11,"pass"
"269","GP","M","U","GT3","T","no","yes","yes","yes","yes","yes","yes","yes","no","yes","no","no","no","no","yes","no","no","no","no","no","no","yes","no","yes","no",18,4,2,1,2,5,4,5,1,3,5,10,0,9,10,10,"pass"
"271","GP","F","U","GT3","T","no","yes","yes","yes","yes","yes","yes","no","no","no","yes","no","no","no","no","yes","no","no","no","no","yes","no","no","no","yes",19,3,3,1,2,4,3,5,3,3,5,15,2,9,9,9,"fail"
"272","GP","F","U","GT3","T","no","yes","yes","yes","yes","yes","yes","yes","no","no","yes","no","no","no","no","yes","no","no","no","no","no","yes","no","yes","no",18,2,3,1,4,4,5,5,1,3,2,4,0,14,15,14,"pass"
"273","GP","F","U","LE3","T","no","yes","yes","no","no","yes","no","no","no","no","yes","no","no","no","yes","no","no","no","no","no","yes","no","yes","no","no",18,1,1,2,2,4,4,3,1,1,3,2,0,11,11,11,"pass"
"274","GP","M","R","GT3","T","no","yes","yes","yes","no","yes","no","yes","yes","no","no","no","no","no","no","no","no","yes","no","no","yes","no","yes","no","no",17,1,2,1,2,3,5,2,2,2,1,2,0,14,15,14,"pass"
"275","GP","F","U","GT3","T","no","yes","yes","no","yes","yes","yes","yes","yes","no","no","no","no","no","no","no","yes","no","no","no","no","yes","yes","no","no",17,2,4,2,2,4,3,3,1,1,1,2,0,10,10,10,"pass"
"276","GP","F","U","LE3","T","yes","yes","yes","no","yes","yes","yes","yes","no","no","no","yes","no","no","yes","no","no","no","yes","no","no","no","yes","no","no",17,2,2,2,2,4,4,4,2,3,5,6,0,12,12,12,"pass"
"277","GP","F","R","GT3","A","no","no","no","no","no","no","yes","yes","no","no","yes","no","no","no","no","yes","no","no","no","no","yes","no","yes","no","no",18,3,2,2,2,4,1,1,1,1,5,75,0,9,10,9,"fail"
"278","GP","M","U","GT3","T","no","no","yes","yes","yes","yes","yes","no","no","no","no","no","yes","no","no","yes","no","no","no","no","yes","no","yes","no","no",18,4,4,2,1,3,2,4,1,4,3,22,0,9,9,9,"fail"
"279","GP","F","U","GT3","T","yes","yes","no","yes","yes","yes","yes","yes","no","yes","no","no","no","no","no","no","yes","no","no","no","no","yes","no","yes","no",18,4,4,1,2,2,4,4,1,1,4,15,1,8,9,8,"fail"
"280","GP","M","U","LE3","T","no","no","yes","yes","yes","yes","yes","no","no","no","no","no","yes","no","no","yes","no","no","yes","no","no","no","yes","no","no",18,4,3,2,1,4,2,3,1,2,1,8,0,11,10,10,"pass"
"281","GP","M","U","LE3","A","no","no","yes","yes","yes","yes","yes","yes","no","no","no","yes","no","no","yes","no","no","no","no","no","yes","no","yes","no","no",17,4,1,2,1,4,5,4,2,4,5,30,0,8,8,8,"fail"
"282","GP","M","U","LE3","A","no","no","no","no","yes","yes","yes","no","no","no","no","no","yes","no","no","yes","no","no","no","no","yes","no","yes","no","no",17,3,2,1,1,4,4,4,3,4,3,19,1,9,11,10,"pass"
"283","GP","F","R","LE3","T","no","yes","yes","yes","yes","yes","no","no","yes","no","no","no","no","no","yes","no","no","no","no","no","no","yes","yes","no","no",18,1,1,2,4,5,2,2,1,1,3,1,0,12,12,12,"pass"
"284","GP","F","U","GT3","T","yes","no","no","yes","yes","yes","yes","no","no","no","yes","no","no","no","yes","no","no","no","no","no","yes","no","yes","no","no",18,1,1,2,2,5,4,4,1,1,4,4,0,9,8,10,"pass"
"285","GP","F","U","GT3","T","no","yes","no","no","no","yes","yes","no","no","no","yes","no","no","no","yes","no","no","no","yes","no","no","no","yes","no","no",17,2,2,1,2,5,4,5,1,2,5,4,0,9,10,11,"pass"
"286","GP","M","U","GT3","T","no","no","yes","no","no","yes","yes","no","no","no","yes","no","no","no","yes","no","no","no","no","no","no","yes","no","yes","no",17,1,1,1,2,4,3,3,1,2,4,2,0,10,12,11,"pass"
"287","GP","F","U","GT3","T","no","yes","yes","no","yes","yes","yes","no","yes","no","no","no","no","no","no","no","no","yes","no","yes","no","no","yes","no","no",18,2,2,1,3,4,3,3,1,2,2,5,0,18,18,19,"pass"
"288","GP","F","U","GT3","T","no","yes","yes","no","yes","yes","yes","no","no","no","no","yes","no","yes","no","no","no","no","no","no","no","yes","yes","no","no",17,1,1,1,3,4,3,3,1,1,3,6,0,12,13,12,"pass"
"289","GP","M","U","GT3","T","no","no","yes","yes","yes","yes","yes","no","no","no","no","yes","no","no","no","yes","no","no","no","no","no","yes","yes","no","no",18,2,1,1,3,4,2,4,1,3,2,6,0,14,15,14,"pass"
"290","GP","M","U","LE3","A","no","yes","yes","yes","yes","yes","yes","no","no","no","no","no","yes","yes","no","no","no","no","no","no","no","yes","yes","no","no",18,4,4,1,2,5,4,3,1,1,2,9,0,13,15,15,"pass"
"291","GP","M","U","GT3","T","no","yes","yes","yes","yes","yes","yes","yes","no","no","no","no","yes","no","yes","no","no","no","no","no","yes","no","yes","no","no",18,4,2,1,2,4,3,2,1,4,5,11,0,11,12,11,"pass"
"292","GP","F","U","GT3","T","no","yes","yes","no","yes","yes","yes","no","no","yes","no","no","no","no","no","yes","no","no","no","no","no","yes","yes","no","no",17,4,3,1,3,4,2,2,1,2,3,0,0,15,15,15,"pass"
"293","GP","F","U","LE3","T","no","no","no","no","yes","yes","yes","yes","no","no","no","yes","no","no","no","no","no","yes","no","no","no","yes","yes","no","no",18,2,1,1,2,5,4,3,1,1,5,12,1,12,12,13,"pass"
"294","GP","F","R","LE3","T","no","yes","yes","no","yes","yes","no","no","no","no","no","yes","no","no","yes","no","no","no","no","no","no","yes","yes","no","no",17,3,1,2,4,3,1,2,1,1,3,6,0,18,18,18,"pass"
"295","GP","M","R","LE3","T","no","yes","yes","yes","yes","yes","yes","no","no","no","no","yes","no","no","yes","no","no","no","no","no","no","yes","yes","no","no",18,3,2,2,3,5,4,2,1,1,4,8,0,13,14,14,"pass"
"296","GP","M","U","GT3","T","no","yes","yes","no","yes","yes","yes","no","no","yes","no","no","no","no","yes","no","no","no","no","no","yes","no","yes","no","no",17,3,3,1,1,4,4,3,1,3,5,4,0,12,14,11,"pass"
"298","GP","F","U","LE3","T","no","yes","yes","no","yes","yes","yes","yes","no","no","yes","no","no","no","yes","no","no","no","no","no","yes","no","no","no","yes",18,4,3,2,2,4,4,5,1,2,2,10,0,8,10,8,"fail"
"299","GP","F","U","GT3","T","no","yes","yes","no","yes","yes","yes","no","no","no","yes","no","no","no","yes","no","no","no","no","no","no","yes","no","yes","no",18,4,3,1,4,4,3,3,1,1,3,0,0,13,14,14,"pass"
"300","GP","M","U","LE3","T","no","yes","yes","no","yes","yes","yes","yes","no","no","no","no","yes","yes","no","no","no","no","no","no","yes","no","yes","no","no",18,4,4,1,1,1,4,2,2,2,1,5,0,15,16,16,"pass"
"301","GP","F","U","LE3","A","no","yes","no","no","yes","yes","yes","yes","no","yes","no","no","no","no","yes","no","no","no","no","no","yes","no","yes","no","no",18,4,4,1,2,4,2,4,1,1,4,14,0,10,12,11,"pass"
"302","GP","M","U","LE3","T","no","no","yes","no","yes","yes","yes","no","no","no","yes","no","no","yes","no","no","no","no","no","no","yes","no","no","yes","no",17,4,4,2,1,4,1,1,2,2,5,0,0,11,11,10,"pass"
"303","GP","F","U","GT3","T","no","yes","yes","no","yes","yes","yes","no","no","no","yes","no","no","no","yes","no","no","no","no","no","no","yes","yes","no","no",17,4,2,2,3,4,3,3,1,1,3,0,0,12,15,14,"pass"
"304","GP","F","U","GT3","T","no","yes","yes","yes","no","yes","yes","no","no","yes","no","no","no","no","no","no","yes","no","no","no","no","yes","no","yes","no",17,3,2,1,4,5,2,2,1,2,5,0,0,17,17,18,"pass"
"305","GP","M","U","GT3","T","no","yes","no","yes","yes","yes","yes","yes","no","no","yes","no","no","no","yes","no","no","no","no","no","yes","no","no","no","yes",19,3,3,1,2,4,4,4,1,1,3,20,1,14,15,13,"pass"
"306","GP","F","U","GT3","T","no","yes","yes","yes","yes","yes","yes","no","no","no","no","yes","no","no","no","no","no","yes","no","no","no","yes","no","no","yes",18,2,4,1,2,4,4,3,1,1,3,8,1,12,14,12,"pass"
"307","GP","M","U","GT3","A","no","no","no","yes","yes","yes","no","no","no","no","no","yes","no","no","yes","no","no","no","yes","no","no","no","no","no","yes",20,3,2,1,1,5,5,3,1,1,5,0,0,18,17,18,"pass"
"308","GP","M","U","GT3","T","no","yes","yes","no","yes","yes","yes","yes","no","no","no","no","yes","no","no","yes","no","no","no","no","no","yes","no","no","yes",19,4,4,2,1,4,3,4,1,1,4,38,1,9,8,8,"fail"
"309","GP","M","R","GT3","T","no","no","no","yes","yes","yes","no","yes","no","no","yes","no","no","no","no","yes","no","no","no","no","no","yes","no","yes","no",19,3,3,1,2,4,5,3,1,2,5,0,1,12,15,12,"pass"
"310","GP","F","U","LE3","T","yes","yes","no","yes","no","yes","yes","no","yes","no","no","no","no","no","yes","no","no","no","no","no","no","yes","no","no","yes",19,1,1,1,2,4,4,3,1,3,3,18,1,10,12,10,"pass"
"312","GP","F","U","GT3","T","no","yes","no","no","yes","no","yes","yes","yes","no","no","no","no","no","yes","no","no","no","no","yes","no","no","no","no","yes",19,2,1,3,2,3,4,1,1,1,2,20,0,12,14,13,"pass"
"313","GP","M","U","GT3","T","no","no","no","no","no","yes","yes","no","no","no","yes","no","no","no","no","yes","no","no","yes","no","no","no","no","no","yes",19,1,2,1,2,4,5,2,2,2,4,3,1,11,13,11,"pass"
"314","GP","F","U","LE3","T","no","yes","yes","no","no","yes","yes","yes","no","no","no","yes","no","no","yes","no","no","no","no","no","no","yes","no","no","yes",19,3,2,2,2,4,2,2,1,2,1,22,1,10,13,11,"pass"
"315","GP","F","U","GT3","T","no","no","no","no","no","yes","yes","yes","yes","no","no","no","no","no","no","no","yes","no","no","no","yes","no","no","no","yes",19,1,1,1,3,4,1,2,1,1,3,14,2,13,15,13,"pass"
"316","GP","F","R","GT3","T","no","no","no","no","yes","yes","yes","yes","no","no","yes","no","no","no","yes","no","no","no","no","no","no","yes","no","no","yes",19,2,3,1,3,4,1,2,1,1,3,40,1,11,13,11,"pass"
"318","GP","F","U","GT3","T","no","yes","yes","yes","yes","yes","yes","yes","no","no","yes","no","no","no","yes","no","no","no","yes","no","no","no","yes","no","no",18,4,3,1,3,4,3,4,1,1,5,9,0,10,9,9,"fail"
"319","GP","F","R","GT3","T","no","yes","yes","yes","no","yes","yes","no","yes","no","no","no","no","no","no","yes","no","no","yes","no","no","no","no","yes","no",17,3,4,1,3,4,3,4,2,5,5,0,0,11,11,10,"pass"
"320","GP","F","U","GT3","T","no","yes","yes","no","yes","yes","yes","no","no","no","no","no","yes","no","yes","no","no","no","yes","no","no","no","yes","no","no",18,4,4,1,2,4,4,4,3,3,5,2,0,11,11,11,"pass"
"321","GP","F","U","GT3","A","no","yes","yes","no","yes","yes","yes","yes","no","no","no","yes","no","no","no","yes","no","no","yes","no","no","no","yes","no","no",17,4,3,1,2,5,2,2,1,2,5,23,0,13,13,13,"pass"
"322","GP","F","U","GT3","T","no","yes","no","no","yes","yes","no","yes","no","no","yes","no","no","no","yes","no","no","no","yes","no","no","no","yes","no","no",17,2,2,1,2,4,2,2,1,1,3,12,0,9,11,9,"fail"
"323","GP","F","R","LE3","T","no","yes","yes","yes","yes","yes","yes","no","no","no","no","yes","no","no","no","yes","no","no","yes","no","no","no","yes","no","no",17,2,2,1,3,3,3,2,2,2,3,3,0,11,11,11,"pass"
"324","GP","F","U","GT3","T","no","yes","no","no","no","yes","yes","no","no","no","no","yes","no","no","no","yes","no","no","yes","no","no","no","no","yes","no",17,3,1,1,3,3,4,3,2,3,5,1,0,14,12,15,"pass"
"325","GP","F","U","LE3","T","no","no","no","no","yes","yes","yes","no","yes","no","no","no","no","no","no","no","no","yes","no","no","yes","no","no","yes","no",17,0,2,2,3,3,3,3,2,3,2,0,0,15,16,15,"pass"
"326","GP","M","U","GT3","T","no","no","no","yes","yes","yes","yes","no","no","no","yes","no","no","no","yes","no","no","no","yes","no","no","no","yes","no","no",18,4,4,1,3,4,3,3,2,2,3,3,0,12,9,11,"pass"
"327","GP","M","U","GT3","T","no","no","no","yes","no","yes","yes","no","no","no","yes","no","no","no","no","yes","no","no","no","no","no","yes","yes","no","no",17,3,3,1,1,4,3,5,3,5,5,3,0,15,14,16,"pass"
"328","GP","M","R","GT3","T","no","yes","no","no","yes","yes","yes","no","no","no","no","yes","no","no","yes","no","no","no","yes","no","no","no","yes","no","no",17,2,2,4,1,4,4,5,5,5,4,8,0,10,11,10,"pass"
"329","GP","F","U","GT3","T","no","yes","yes","yes","yes","yes","yes","no","no","no","no","no","yes","no","no","yes","no","no","yes","no","no","no","yes","no","no",17,4,4,1,3,5,4,4,1,3,4,7,0,9,10,9,"fail"
"330","GP","F","U","GT3","T","no","yes","yes","no","no","yes","yes","yes","no","no","no","no","yes","yes","no","no","no","no","yes","no","no","no","yes","no","no",17,4,4,2,3,4,3,3,1,2,4,4,0,14,14,14,"pass"
"331","GP","M","U","LE3","T","no","yes","no","yes","yes","yes","yes","no","no","no","yes","no","no","no","yes","no","no","no","yes","no","no","no","yes","no","no",18,2,2,1,4,4,5,5,2,4,5,2,0,8,9,8,"fail"
"332","GP","F","R","GT3","T","no","yes","no","no","yes","yes","yes","yes","yes","no","no","no","no","no","yes","no","no","no","yes","no","no","no","no","yes","no",17,2,4,1,3,4,4,3,1,1,5,7,0,14,12,14,"pass"
"336","GP","F","U","GT3","T","no","no","no","no","yes","yes","yes","no","no","no","no","yes","no","no","yes","no","no","no","yes","no","no","no","yes","no","no",17,3,4,1,3,4,4,5,1,3,5,16,0,15,16,15,"pass"
"337","GP","F","R","GT3","A","no","no","yes","no","yes","yes","no","no","no","no","no","yes","no","no","no","no","no","yes","no","no","yes","no","no","no","yes",19,3,1,1,3,5,4,3,1,2,5,12,1,13,14,13,"pass"
"339","GP","F","U","LE3","T","no","yes","no","no","yes","yes","yes","no","no","no","no","yes","no","no","no","yes","no","no","no","no","yes","no","yes","no","no",18,3,3,1,4,5,3,3,1,1,1,7,0,15,16,17,"pass"
"340","GP","F","R","GT3","A","no","yes","yes","no","yes","yes","yes","no","no","no","yes","no","no","no","yes","no","no","no","no","no","yes","no","yes","no","no",17,3,2,1,2,4,3,3,2,3,2,4,0,10,9,10,"pass"
"341","GP","F","U","GT3","T","no","no","yes","yes","yes","yes","yes","yes","no","no","no","yes","no","no","no","yes","no","no","no","no","yes","no","no","no","yes",19,2,1,1,3,4,3,4,1,3,3,4,1,12,11,11,"pass"
"343","GP","M","U","LE3","T","no","no","no","yes","yes","yes","yes","yes","no","no","no","yes","no","no","yes","no","no","no","no","no","yes","no","yes","no","no",18,3,4,1,2,4,3,3,1,3,5,11,0,15,16,15,"pass"
"345","GP","F","U","GT3","T","no","yes","no","no","yes","yes","yes","no","yes","no","no","no","no","no","yes","no","no","no","yes","no","no","no","yes","no","no",18,2,3,1,3,4,3,3,1,2,3,4,0,10,11,10,"pass"
"346","GP","F","U","GT3","T","no","no","no","no","yes","yes","yes","yes","no","no","yes","no","no","no","no","yes","no","no","no","yes","no","no","yes","no","no",18,3,2,1,3,5,4,3,2,3,1,7,0,13,13,14,"pass"
"347","GP","M","R","GT3","T","no","no","no","no","yes","yes","yes","yes","no","no","no","no","yes","no","no","yes","no","no","yes","no","no","no","yes","no","no",18,4,3,1,3,5,3,2,1,2,4,9,0,15,16,16,"pass"
"348","GP","M","U","GT3","T","no","yes","yes","no","yes","yes","yes","yes","no","no","no","no","yes","no","yes","no","no","no","yes","no","no","no","yes","no","no",18,4,3,1,3,5,4,5,2,3,5,0,0,10,10,9,"fail"
"349","GP","F","U","GT3","T","no","yes","yes","yes","yes","yes","yes","yes","no","yes","no","no","no","no","yes","no","no","no","no","no","no","yes","yes","no","no",17,4,3,1,3,4,4,3,1,3,4,0,0,15,13,15,"pass"
"350","MS","M","R","GT3","T","no","yes","no","no","no","yes","yes","no","no","no","yes","no","no","no","yes","no","no","no","yes","no","no","no","yes","no","no",18,3,2,2,1,2,5,5,5,5,5,10,1,13,11,13,"pass"
"351","MS","M","R","GT3","T","no","no","no","no","yes","yes","yes","no","no","no","yes","no","no","no","no","yes","no","no","no","no","yes","no","no","no","yes",19,1,1,3,2,5,4,4,3,3,2,8,3,7,8,8,"fail"
"352","MS","M","U","GT3","T","no","yes","yes","no","yes","yes","yes","no","no","yes","no","no","no","no","yes","no","no","no","yes","no","no","no","yes","no","no",17,3,3,2,2,4,5,4,2,3,3,2,0,13,13,13,"pass"
"353","MS","M","U","LE3","T","no","no","no","no","yes","no","yes","yes","yes","no","no","no","no","no","no","yes","no","no","yes","no","no","no","yes","no","no",18,1,3,1,1,4,3,3,2,3,3,7,1,7,8,8,"fail"
"354","MS","M","R","GT3","T","no","yes","no","no","yes","yes","yes","no","no","no","yes","no","no","no","yes","no","no","no","no","no","yes","no","no","no","yes",19,1,1,3,1,4,4,4,3,3,5,4,1,8,8,8,"fail"
"355","MS","M","R","GT3","T","no","yes","yes","yes","no","yes","yes","yes","no","no","no","yes","no","no","yes","no","no","no","no","no","yes","no","yes","no","no",17,4,3,2,2,4,5,5,1,3,2,4,0,11,13,11,"pass"
"356","MS","F","U","GT3","T","no","yes","no","no","yes","yes","no","yes","no","no","no","yes","no","no","no","yes","no","no","yes","no","no","no","no","yes","no",18,3,3,1,2,5,3,4,1,1,5,0,0,9,10,9,"fail"
"357","MS","F","R","GT3","T","no","yes","yes","yes","yes","yes","yes","no","no","no","no","no","yes","no","no","yes","no","no","no","yes","no","no","no","yes","no",17,4,4,2,2,4,3,3,1,2,5,4,0,13,12,13,"pass"
"358","MS","F","U","LE3","A","no","no","no","no","yes","yes","no","yes","no","no","no","yes","no","no","yes","no","no","no","no","no","no","yes","yes","no","no",17,3,2,2,2,1,2,3,1,2,5,2,0,12,12,11,"pass"
"359","MS","M","U","LE3","T","no","no","no","no","no","yes","yes","yes","no","no","yes","no","no","no","no","yes","no","no","no","no","yes","no","no","yes","no",18,1,1,2,1,3,3,2,1,2,3,4,0,10,10,10,"pass"
"360","MS","F","U","LE3","T","no","no","no","no","yes","yes","yes","no","yes","no","no","no","no","no","no","yes","no","no","yes","no","no","no","no","yes","no",18,1,1,2,3,5,3,2,1,1,4,0,0,16,18,16,"pass"
"361","MS","F","R","LE3","A","no","no","no","no","yes","yes","no","yes","yes","no","no","no","no","no","yes","no","no","no","yes","no","no","no","yes","no","no",18,1,4,3,2,4,3,4,1,4,5,0,0,13,13,13,"pass"
"362","MS","M","R","LE3","T","no","no","no","yes","no","no","no","no","yes","no","no","no","no","no","yes","no","no","no","no","yes","no","no","yes","no","no",18,1,1,2,2,4,4,3,2,3,5,2,1,12,13,12,"pass"
"363","MS","F","U","GT3","T","no","yes","no","no","yes","yes","yes","yes","no","no","no","yes","no","no","no","yes","no","no","no","yes","no","no","yes","no","no",18,3,3,2,2,4,3,2,1,3,3,0,0,11,11,10,"pass"
"364","MS","F","U","LE3","T","no","yes","yes","yes","yes","yes","yes","yes","yes","no","no","no","no","no","no","no","no","yes","yes","no","no","no","yes","no","no",17,4,4,1,2,2,3,4,1,1,1,0,0,15,16,15,"pass"
"365","MS","F","R","GT3","T","no","no","no","no","no","yes","no","no","no","no","yes","no","no","no","no","yes","no","no","yes","no","no","no","no","yes","no",17,1,2,2,2,3,2,2,1,2,3,0,0,11,12,12,"pass"
"366","MS","M","R","GT3","T","no","yes","yes","no","yes","yes","no","no","yes","no","no","no","no","no","yes","no","no","no","yes","no","no","no","yes","no","no",18,1,3,2,2,3,3,4,2,4,3,4,0,10,10,10,"pass"
"367","MS","M","U","LE3","T","no","no","yes","no","yes","yes","yes","yes","no","no","no","no","yes","no","no","yes","no","no","no","yes","no","no","yes","no","no",18,4,4,2,3,4,2,2,2,2,5,0,0,13,13,13,"pass"
"369","MS","F","U","GT3","T","no","yes","yes","no","yes","yes","yes","yes","yes","no","no","no","no","no","no","yes","no","no","yes","no","no","no","no","yes","no",18,2,3,2,1,5,2,3,1,2,4,0,0,10,11,10,"pass"
"370","MS","F","R","GT3","T","no","yes","yes","no","no","yes","yes","yes","no","no","yes","no","no","yes","no","no","no","no","no","yes","no","no","no","yes","no",18,4,4,3,2,3,2,2,4,2,5,10,0,12,14,11,"pass"
"371","MS","F","U","LE3","T","no","no","no","yes","yes","yes","no","yes","no","no","no","yes","no","no","no","yes","no","no","no","no","yes","no","no","no","yes",19,3,2,2,2,3,2,2,1,1,3,4,2,7,7,9,"fail"
"372","MS","M","R","LE3","T","no","yes","yes","yes","yes","no","yes","yes","yes","no","no","no","no","no","no","yes","no","no","no","yes","no","no","no","yes","no",18,1,2,3,1,4,3,3,2,3,3,3,0,12,14,12,"pass"
"373","MS","F","U","GT3","T","no","no","no","yes","yes","yes","no","yes","no","no","yes","no","no","no","no","no","no","yes","no","no","yes","no","yes","no","no",17,2,2,1,3,3,4,3,1,1,3,8,0,11,13,11,"pass"
"374","MS","F","R","GT3","T","no","no","no","yes","yes","yes","yes","no","no","no","yes","no","no","no","yes","no","no","no","yes","no","no","no","yes","no","no",17,1,2,1,1,3,5,5,1,3,1,14,0,5,6,5,"fail"
"375","MS","F","R","LE3","T","no","no","no","no","yes","yes","yes","no","no","no","yes","no","no","no","yes","no","no","no","no","no","no","yes","yes","no","no",18,4,4,2,3,5,4,4,1,1,1,0,0,18,19,19,"pass"
"376","MS","F","R","GT3","T","no","no","no","no","yes","yes","yes","no","no","no","yes","no","no","no","yes","no","no","no","no","no","yes","no","yes","no","no",18,1,1,4,3,4,3,2,1,2,4,2,0,8,8,10,"pass"
"377","MS","F","U","GT3","T","no","yes","yes","no","no","yes","yes","yes","no","yes","no","no","no","no","yes","no","no","no","yes","no","no","no","no","no","yes",20,4,2,2,3,5,4,3,1,1,3,4,2,14,15,15,"pass"
"378","MS","F","R","LE3","T","no","no","yes","yes","yes","yes","yes","no","no","no","no","no","yes","no","no","yes","no","no","yes","no","no","no","yes","no","no",18,4,4,1,2,5,4,3,3,4,2,4,0,9,8,10,"pass"
"379","MS","F","U","GT3","T","no","no","yes","no","yes","yes","yes","yes","no","no","yes","no","no","no","yes","no","no","no","no","no","yes","no","yes","no","no",18,3,3,1,2,4,1,3,1,2,1,0,0,15,15,15,"pass"
"380","MS","F","R","GT3","T","no","yes","yes","yes","no","yes","yes","no","yes","no","no","no","no","no","yes","no","no","no","no","no","no","yes","yes","no","no",17,3,1,1,2,4,5,4,2,3,1,17,0,10,10,10,"pass"
"381","MS","M","U","GT3","T","no","no","yes","yes","no","yes","yes","no","no","no","no","no","yes","yes","no","no","no","no","no","no","yes","no","no","yes","no",18,4,4,1,2,3,2,4,1,4,2,4,0,14,15,14,"pass"
"382","MS","M","R","GT3","T","no","no","no","yes","no","yes","yes","yes","no","no","yes","no","no","no","yes","no","no","no","no","yes","no","no","yes","no","no",18,2,1,2,1,4,4,3,1,3,5,5,0,6,7,7,"fail"
"383","MS","M","U","GT3","T","no","no","no","yes","yes","yes","yes","no","no","no","yes","no","no","no","no","yes","no","no","no","no","yes","no","no","yes","no",17,2,3,2,2,4,4,3,1,1,3,2,0,11,11,10,"pass"
"385","MS","M","R","GT3","T","no","no","yes","no","yes","yes","no","no","no","no","yes","no","no","no","yes","no","no","no","no","no","yes","no","no","yes","no",18,4,2,2,1,5,4,3,4,3,3,14,1,5,6,5,"fail"
"386","MS","F","R","GT3","T","no","no","yes","no","yes","yes","no","no","yes","no","no","no","no","no","yes","no","no","no","no","yes","no","no","yes","no","no",18,2,2,2,3,5,3,3,1,3,4,2,0,9,10,10,"pass"
"387","MS","F","R","GT3","T","no","yes","yes","yes","yes","yes","yes","yes","no","no","no","no","yes","no","no","no","no","yes","no","no","no","yes","yes","no","no",18,4,4,3,1,4,4,3,2,2,5,7,0,5,6,6,"fail"
"389","MS","F","U","LE3","T","no","yes","yes","no","yes","yes","yes","no","no","no","no","no","yes","no","no","yes","no","no","yes","no","no","no","yes","no","no",18,3,1,1,2,4,3,4,1,1,1,0,0,9,7,8,"fail"
"391","MS","M","U","LE3","A","no","yes","yes","no","yes","yes","no","no","no","no","no","yes","no","no","no","yes","no","no","yes","no","no","no","no","no","yes",20,2,2,1,2,5,5,4,4,5,4,11,2,9,9,9,"fail"
"392","MS","M","U","LE3","T","no","no","no","no","no","yes","yes","no","no","no","no","yes","no","no","no","yes","no","no","yes","no","no","no","yes","no","no",17,3,1,2,1,2,4,5,3,4,2,3,0,16,14,16,"pass"
"393","MS","M","R","GT3","T","no","no","no","no","no","yes","no","no","no","no","yes","no","no","no","yes","no","no","no","yes","no","no","no","no","no","yes",21,1,1,1,1,5,5,3,3,3,3,3,3,8,10,7,"fail"
"394","MS","M","R","LE3","T","no","no","no","no","no","yes","yes","no","no","no","no","yes","no","no","yes","no","no","no","yes","no","no","no","yes","no","no",18,3,2,3,1,4,4,1,3,4,5,0,0,12,11,10,"pass"
"395","MS","M","U","LE3","T","no","no","no","no","yes","yes","yes","no","no","no","yes","no","no","no","no","no","no","yes","yes","no","no","no","no","yes","no",19,1,1,1,1,3,2,3,3,3,5,5,0,9,8,9,"fail"
